Area,Frequency
540,18
720,17
1260,17
1890,17
1680,16
1632,16
1344,16
840,16
1560,15
1008,15
1092,15
960,15
2520,15
780,14
1080,14
900,14
504,14
816,14
672,14
1050,14
560,14
2688,14
1980,13
2244,13
360,13
594,13
1056,13
1248,13
1330,13
756,13
924,13
1014,13
1040,12
1512,12
1710,12
696,12
1120,12
1440,12
1620,12
2100,12
1920,12
2079,12
2200,12
312,12
1152,11
3600,11
1764,11
1400,11
1200,11
612,11
1672,11
1624,11
792,11
1350,11
396,11
648,11
2040,11
1408,11
660,11
3000,11
1296,11
1224,11
918,11
420,11
4200,11
1800,11
4620,11
990,11
910,11
1540,10
1932,10
798,10
450,10
945,10
864,10
1144,10
738,10
1564,10
2160,10
2268,10
1584,10
1482,10
1824,10
364,10
700,10
1170,10
1995,10
1500,10
480,10
880,10
240,10
5940,10
646,10
1404,10
1160,9
3060,9
1728,9
2310,9
4440,9
300,9
3264,9
3528,9
825,9
2508,9
576,9
336,9
4320,9
1122,9
750,9
882,9
1365,9
1012,9
3696,9
4224,9
1530,9
3120,9
1275,9
714,9
2016,9
1196,9
1950,9
6240,9
546,9
936,9
4284,9
280,9
980,9
1496,9
1140,9
1176,9
2250,8
3180,8
1634,8
3630,8
1395,8
748,8
490,8
1998,8
760,8
1184,8
1188,8
1435,8
3080,8
2080,8
448,8
1088,8
1300,8
984,8
2280,8
3648,8
1394,8
1836,8
525,8
3680,8
1026,8
1848,8
1600,8
1755,8
1242,8
903,8
624,8
2220,8
3360,8
3150,8
1638,8
640,8
1976,8
2816,8
1326,8
3420,8
2376,8
1870,8
770,8
1105,8
2880,8
4698,8
5376,7
684,7
330,7
2352,7
741,7
620,7
870,7
837,7
2014,7
2394,7
6720,7
1972,7
1280,7
2046,7
1615,7
1450,7
2448,7
4060,7
2850,7
3572,7
6600,7
943,7
1974,7
1820,7
429,7
1656,7
2325,7
1250,7
1674,7
1938,7
350,7
1760,7
6930,7
2142,7
1410,7
462,7
826,7
930,7
1568,7
704,7
2496,7
1462,7
561,7
1254,7
570,7
5460,7
3074,7
1316,7
972,7
2340,7
4032,7
1456,7
6160,7
1960,7
432,7
1566,7
1003,7
4408,7
2128,7
3168,7
1425,7
2400,7
858,7
2640,7
572,7
896,7
1288,7
1650,7
2457,7
952,7
912,7
2625,7
1020,7
4400,6
1748,6
828,6
5544,6
3132,6
3416,6
1968,6
663,6
836,6
2300,6
6384,6
2800,6
342,6
2484,6
1596,6
486,6
5130,6
3480,6
1155,6
3780,6
2442,6
11220,6
2420,6
1406,6
1320,6
1470,6
3990,6
1035,6
1032,6
1204,6
378,6
3519,6
2240,6
1767,6
3720,6
506,6
510,6
1044,6
1232,6
2226,6
1258,6
3900,6
735,6
3465,6
320,6
783,6
884,6
4556,6
2184,6
2024,6
1640,6
2852,6
768,6
1782,6
4608,6
2726,6
1392,6
7676,6
1125,6
1850,6
1269,6
1924,6
975,6
1230,6
1360,6
2760,6
2320,6
1235,6
2430,6
765,6
1430,6
3108,6
1380,6
1887,6
425,6
693,6
1645,6
288,6
1802,6
2106,6
3510,6
1292,6
1740,6
7680,6
414,6
4275,6
850,6
3102,6
3036,6
6300,6
800,6
3050,6
1504,6
1150,6
2296,6
782,6
627,6
4410,6
1216,6
1548,6
7560,6
4080,6
1332,6
3570,6
392,6
4756,6
1785,6
4488,6
3220,6
1827,5
740,5
1840,5
2544,5
1166,5
2322,5
3784,5
1872,5
5850,5
731,5
1178,5
2646,5
1953,5
3200,5
1892,5
5520,5
3712,5
814,5
2700,5
2178,5
493,5
2976,5
680,5
1368,5
1558,5
4216,5
1666,5
1700,5
6004,5
4536,5
2970,5
2156,5
988,5
1168,5
2576,5
2480,5
4860,5
2030,5
5829,5
9728,5
3224,5
5670,5
6132,5
3626,5
2436,5
600,5
1794,5
2166,5
2183,5
345,5
4510,5
1617,5
7552,5
3591,5
2052,5
2772,5
2754,5
3762,5
8400,5
5112,5
976,5
2788,5
1664,5
1311,5
992,5
861,5
2610,5
2989,5
4704,5
4095,5
2808,5
819,5
9568,5
4472,5
1034,5
3864,5
2415,5
1305,5
2730,5
5292,5
1581,5
384,5
1189,5
5904,5
897,5
10800,5
527,5
3564,5
1218,5
1786,5
6888,5
1302,5
7140,5
899,5
5184,5
520,5
902,5
3384,5
3024,5
7896,5
2550,5
2432,5
528,5
4290,5
2262,5
2204,5
1053,5
3795,5
4158,5
10080,5
1015,5
8424,5
2380,5
3850,5
1222,5
1720,5
1612,5
1100,5
2494,5
1806,5
1309,5
2356,5
15120,5
2898,5
928,5
2176,5
3910,5
6254,5
3672,5
1134,5
4350,5
1037,5
1121,5
7128,5
969,5
5760,5
7020,5
270,5
702,5
7410,5
3016,5
2604,5
3192,5
3710,5
352,5
1276,5
2904,5
1463,5
4928,5
9000,5
4760,5
1886,4
2058,4
1054,4
11058,4
6734,4
465,4
4420,4
16632,4
322,4
12375,4
25740,4
767,4
252,4
676,4
5676,4
2793,4
4300,4
1210,4
11484,4
2440,4
832,4
13020,4
17850,4
5880,4
4914,4
5510,4
1075,4
5334,4
5100,4
5688,4
2475,4
9768,4
3654,4
1131,4
5394,4
1908,4
705,4
2952,4
598,4
11040,4
1539,4
2622,4
459,4
1683,4
3526,4
1880,4
348,4
1378,4
1110,4
1333,4
986,4
1804,4
1855,4
2684,4
4422,4
11844,4
4558,4
5320,4
968,4
616,4
2289,4
1066,4
697,4
3320,4
4464,4
2023,4
9088,4
3312,4
8960,4
1197,4
1457,4
6732,4
7371,4
247,4
4725,4
2112,4
3014,4
636,4
180,4
2464,4
3381,4
5236,4
4560,4
4004,4
2958,4
1860,4
2860,4
1944,4
3105,4
2912,4
6424,4
1702,4
10500,4
2923,4
4752,4
2150,4
1024,4
715,4
2940,4
6372,4
4650,4
1562,4
15561,4
2583,4
944,4
5355,4
2575,4
513,4
1610,4
7752,4
1376,4
1936,4
1904,4
1023,4
375,4
272,4
759,4
368,4
2236,4
1925,4
9720,4
260,4
9044,4
3190,4
1829,4
2214,4
14880,4
1060,4
1190,4
2750,4
3432,4
484,4
4590,4
1575,4
3604,4
2331,4
1064,4
1173,4
5913,4
4092,4
483,4
4455,4
2368,4
1587,4
1484,4
440,4
4746,4
3894,4
580,4
1776,4
1221,4
1648,4
9216,4
2774,4
1876,4
12240,4
2185,4
5727,4
2686,4
1274,4
6900,4
4788,4
5429,4
408,4
3650,4
3861,4
3933,4
2025,4
888,4
3348,4
5400,4
893,4
3675,4
468,4
6510,4
3366,4
5330,4
4160,4
7344,4
3186,4
210,4
2856,4
15660,4
1102,4
5313,4
2385,4
1716,4
1215,4
5724,4
5220,4
650,4
713,4
4176,4
3612,4
5796,4
4264,4
4902,4
1751,4
4680,4
4524,4
209,4
2337,4
3268,4
1488,4
7800,4
1022,4
2814,4
4000,4
4140,4
5280,4
9102,4
4480,4
552,4
5120,4
2535,4
875,4
2553,4
2210,4
6080,4
3321,4
1156,4
6396,4
784,4
2332,4
2208,4
7980,4
294,4
2697,4
374,4
6336,4
2592,4
2862,4
1547,4
1104,4
464,4
3825,4
2914,4
4212,4
3500,4
3920,4
2775,4
3456,4
1458,4
4029,4
1078,4
304,4
3300,4
3888,4
1649,4
2288,4
2048,4
13860,4
27900,4
1958,4
550,4
325,4
726,4
637,4
390,4
4136,4
1428,4
4956,4
2530,4
8874,4
1701,4
3450,4
400,4
1736,4
1475,4
5698,4
4104,4
595,4
7644,4
1377,4
1386,4
4374,4
2028,4
5040,4
2006,4
11440,4
3128,4
775,4
1898,3
20760,3
2560,3
2556,3
9660,3
1364,3
512,3
2548,3
1691,3
5704,3
12408,3
1323,3
5564,3
4047,3
950,3
744,3
5440,3
266,3
3575,3
4116,3
22704,3
3796,3
230,3
17820,3
2407,3
92070,3
665,3
920,3
45600,3
855,3
2117,3
5310,3
10780,3
3800,3
14170,3
1738,3
16836,3
6006,3
10682,3
3068,3
1665,3
2720,3
3808,3
11025,3
2660,3
8064,3
4740,3
675,3
4930,3
1065,3
2695,3
5096,3
6083,3
16008,3
2438,3
4368,3
3975,3
416,3
4794,3
5920,3
5135,3
2067,3
3363,3
2279,3
3248,3
4920,3
8250,3
42240,3
1911,3
2478,3
1885,3
5655,3
2109,3
7548,3
6020,3
2706,3
7316,3
3078,3
6138,3
625,3
9292,3
1749,3
8816,3
544,3
946,3
5984,3
8280,3
2223,3
9309,3
22800,3
7584,3
1520,3
8066,3
4623,3
2574,3
4675,3
5890,3
1605,3
410,3
644,3
3666,3
12705,3
494,3
399,3
473,3
1278,3
3216,3
4352,3
2162,3
442,3
2303,3
2938,3
2590,3
5075,3
32832,3
5244,3
532,3
15228,3
1798,3
37800,3
2000,3
6545,3
5427,3
6192,3
8640,3
1118,3
26572,3
589,3
192,3
8112,3
1328,3
6256,3
9360,3
13680,3
3445,3
32994,3
4324,3
4640,3
8892,3
8881,3
2130,3
38340,3
1712,3
24600,3
6032,3
3294,3
8360,3
9100,3
5254,3
11760,3
2414,3
5916,3
1653,3
5712,3
1334,3
2929,3
2070,3
4656,3
4522,3
752,3
2196,3
3828,3
7700,3
224,3
3136,3
4180,3
2650,3
340,3
10692,3
518,3
1550,3
5750,3
6319,3
4042,3
7000,3
4100,3
588,3
1298,3
11340,3
351,3
1952,3
338,3
4602,3
8700,3
3996,3
7821,3
2916,3
14400,3
5967,3
1682,3
11856,3
2584,3
20418,3
3968,3
1001,3
2074,3
2405,3
9180,3
4732,3
2132,3
666,3
5170,3
9460,3
476,3
629,3
901,3
9504,3
1725,3
5200,3
5589,3
4056,3
1900,3
49951,3
6156,3
9702,3
1375,3
66906,3
3325,3
3870,3
2744,3
1768,3
306,3
12000,3
6399,3
20449,3
2193,3
112128,3
1185,3
456,3
1692,3
285,3
1098,3
3608,3
3444,3
2910,3
3408,3
36036,3
6440,3
638,3
2538,3
1479,3
703,3
6630,3
6232,3
1677,3
2212,3
2482,3
11115,3
4512,3
363,3
1722,3
8004,3
2600,3
9984,3
810,3
5251,3
4840,3
22742,3
4950,3
5250,3
3618,3
6960,3
13635,3
4500,3
3422,3
3645,3
234,3
725,3
5775,3
2675,3
852,3
1856,3
2304,3
198,3
3402,3
6125,3
2805,3
7540,3
2091,3
496,3
2795,3
8096,3
8262,3
8051,3
5586,3
5300,3
8160,3
5070,3
3100,3
1127,3
495,3
2090,3
1290,3
7245,3
7656,3
10920,3
6400,3
7030,3
3588,3
2173,3
21573,3
5985,3
9200,3
11934,3
1536,3
19040,3
7590,3
7171,3
26676,3
23114,3
6840,3
9198,3
806,3
6552,3
9975,3
5148,3
2125,3
5418,3
8094,3
8232,3
5301,3
3942,3
22842,3
264,3
1599,3
5256,3
551,3
2666,3
966,3
3375,3
9384,3
308,3
2964,3
3478,3
3476,3
2346,3
1515,3
4012,3
1813,3
324,3
2925,3
2266,3
20992,3
1271,3
5445,3
2295,3
2736,3
3484,3
9345,3
2275,3
1036,3
3540,3
1519,3
14652,3
3013,3
4800,3
1240,3
846,3
7568,3
65880,3
4402,3
1978,3
3072,3
2967,3
22464,3
1241,3
47064,3
3021,3
2961,3
3034,3
4002,3
7830,3
18980,3
5304,3
11136,3
3818,3
7400,3
4230,3
5616,3
3840,3
578,3
6018,3
6660,3
7740,3
2050,3
1696,3
1513,3
8798,3
2232,3
2460,3
9108,3
10764,3
4588,3
2652,3
957,3
3542,3
4644,3
1476,3
5950,3
9348,3
8378,3
1988,3
868,3
2392,3
17550,3
8500,3
8120,3
1577,3
4392,3
2205,3
2190,3
1007,3
22848,3
4048,3
377,3
6512,3
3066,3
3782,3
1593,3
1508,3
2528,3
3843,3
6324,3
609,3
8694,3
3640,3
9900,3
243,3
6048,3
4484,3
1312,3
36096,3
1000,3
3567,3
4940,3
1947,3
805,3
2870,3
17640,3
380,3
4185,3
1501,3
3834,3
7192,3
14160,3
1058,3
1742,3
12960,3
7476,3
6120,3
3240,3
3625,3
5550,3
11088,3
8568,3
2718,3
1219,3
3344,3
2088,3
7992,3
11544,3
5568,3
935,3
5976,3
11772,3
1862,3
3430,3
437,3
820,3
558,3
6972,3
567,2
5746,2
6235,2
4312,2
994,2
13800,2
17248,2
11448,2
5145,2
33792,2
13244,2
3277,2
154,2
13390,2
10201,2
4221,2
95081,2
608,2
7848,2
27209,2
14480,2
6816,2
4600,2
8970,2
4292,2
4554,2
22912,2
954,2
3082,2
4288,2
30609,2
9434,2
6496,2
33726,2
6460,2
4466,2
3380,2
10350,2
10100,2
9324,2
16400,2
15125,2
867,2
8848,2
854,2
7221,2
4692,2
1357,2
1416,2
18788,2
3116,2
39078,2
4900,2
4393,2
1225,2
10647,2
4710,2
1505,2
2021,2
81810,2
3225,2
8322,2
5032,2
1815,2
1608,2
4148,2
9271,2
2135,2
7068,2
1485,2
21120,2
10640,2
11655,2
1128,2
16800,2
8540,2
3576,2
2378,2
3008,2
9558,2
11342,2
10320,2
10656,2
559,2
18526,2
16768,2
11952,2
220,2
27267,2
23936,2
8910,2
688,2
1554,2
5840,2
22962,2
20520,2
3111,2
15096,2
4592,2
2844,2
10486,2
10944,2
3638,2
2387,2
2565,2
13617,2
1888,2
2108,2
27710,2
43776,2
1424,2
3175,2
10184,2
6077,2
6222,2
28574,2
9135,2
6762,2
8880,2
7296,2
2745,2
4941,2
42222,2
8989,2
51448,2
6450,2
1780,2
23256,2
2278,2
871,2
4598,2
7134,2
1469,2
2499,2
1369,2
4186,2
1460,2
7268,2
21780,2
16764,2
14256,2
6667,2
41040,2
4445,2
11210,2
1464,2
69300,2
33480,2
1340,2
18912,2
6090,2
722,2
2159,2
7387,2
1264,2
9380,2
7392,2
4128,2
62208,2
8591,2
1598,2
17472,2
6636,2
82703,2
82944,2
276,2
14592,2
11324,2
7363,2
6035,2
9018,2
12319,2
46410,2
11662,2
39494,2
2580,2
15444,2
3287,2
20410,2
16872,2
7452,2
1407,2
1411,2
6216,2
10804,2
6615,2
29406,2
57132,2
13572,2
3596,2
13431,2
8184,2
33456,2
1739,2
44650,2
1521,2
43316,2
7480,2
4980,2
9744,2
1420,2
851,2
8930,2
8833,2
103424,2
737,2
5175,2
4263,2
2790,2
441,2
21060,2
3393,2
2619,2
21025,2
10044,2
6624,2
36720,2
7208,2
2541,2
4876,2
4270,2
17430,2
3354,2
4898,2
29700,2
13688,2
1081,2
323,2
19950,2
22032,2
5964,2
53568,2
460,2
8925,2
6201,2
4525,2
15180,2
2525,2
3819,2
42920,2
286,2
20164,2
17388,2
275,2
3534,2
5187,2
1602,2
4672,2
17004,2
49077,2
77287,2
6204,2
23500,2
50400,2
25527,2
14949,2
1845,2
18018,2
4118,2
1975,2
8464,2
3880,2
23714,2
5808,2
36354,2
48960,2
874,2
9840,2
5562,2
5248,2
8016,2
250,2
3690,2
18972,2
1247,2
1580,2
3960,2
15162,2
55024,2
5092,2
6490,2
39984,2
10608,2
5002,2
667,2
26508,2
6670,2
6375,2
26460,2
2890,2
7120,2
6692,2
3772,2
27216,2
6699,2
1717,2
20732,2
2664,2
52052,2
20584,2
17664,2
1239,2
6283,2
5025,2
231,2
6322,2
5994,2
10742,2
1769,2
8932,2
3306,2
455,2
31280,2
2960,2
59280,2
4836,2
5487,2
9600,2
7840,2
9801,2
6188,2
11730,2
3139,2
13286,2
23520,2
6528,2
5720,2
8840,2
6345,2
4708,2
9804,2
8453,2
1495,2
1072,2
2375,2
4515,2
19276,2
357,2
21423,2
160,2
7280,2
6966,2
5658,2
3406,2
39104,2
161040,2
4982,2
10246,2
20608,2
4899,2
93104,2
18880,2
13563,2
4416,2
7085,2
1444,2
5084,2
3660,2
1834,2
60480,2
10480,2
10788,2
18204,2
21296,2
1843,2
22400,2
5106,2
6230,2
10120,2
1818,2
3844,2
38409,2
7434,2
8244,2
4154,2
2511,2
4526,2
4356,2
20961,2
34029,2
56763,2
32234,2
18304,2
24806,2
43680,2
16900,2
5529,2
9393,2
7497,2
3726,2
2926,2
13770,2
3496,2
25500,2
5640,2
32214,2
18178,2
14625,2
29920,2
4182,2
3304,2
6408,2
21156,2
1025,2
6570,2
33115,2
22550,2
18810,2
11550,2
10706,2
15207,2
49020,2
2222,2
2714,2
19370,2
62524,2
3315,2
3388,2
17604,2
5917,2
4611,2
17202,2
2537,2
10620,2
1391,2
732,2
204,2
55566,2
27324,2
1962,2
5346,2
19152,2
53667,2
2627,2
2140,2
9590,2
5874,2
86130,2
7912,2
7659,2
55233,2
19468,2
3549,2
18995,2
4988,2
38760,2
12870,2
2975,2
6100,2
17094,2
5859,2
3589,2
9701,2
16256,2
4088,2
12236,2
3750,2
7360,2
8536,2
7178,2
4796,2
26390,2
11178,2
11232,2
1325,2
21021,2
9858,2
35700,2
4757,2
4134,2
5016,2
583,2
11875,2
10902,2
21056,2
16583,2
12265,2
15276,2
14664,2
6318,2
4601,2
4959,2
2257,2
17226,2
17914,2
54225,2
16830,2
5673,2
11200,2
10050,2
8151,2
12090,2
20064,2
31960,2
529,2
2950,2
19656,2
1652,2
9288,2
22473,2
3010,2
7205,2
3848,2
4094,2
5600,2
21375,2
12506,2
5580,2
5928,2
12104,2
4888,2
2924,2
29040,2
11742,2
4712,2
6643,2
5635,2
3792,2
6555,2
4347,2
3875,2
22466,2
91008,2
9831,2
28557,2
5166,2
2419,2
9344,2
2832,2
15288,2
38400,2
5035,2
3059,2
915,2
13334,2
13923,2
2451,2
2256,2
5644,2
24021,2
22419,2
8325,2
6897,2
2075,2
4489,2
4020,2
14872,2
17064,2
60192,2
13158,2
4636,2
5088,2
4280,2
1659,2
5390,2
793,2
17600,2
418,2
37026,2
5150,2
8850,2
7802,2
36168,2
10614,2
6344,2
4843,2
26500,2
4125,2
2072,2
6958,2
9591,2
3335,2
1308,2
10430,2
6808,2
19610,2
128,2
3520,2
2568,2
2107,2
51170,2
2501,2
4293,2
22440,2
592,2
1590,2
26598,2
444,2
32656,2
2992,2
651,2
799,2
42385,2
97284,2
29028,2
1480,2
1705,2
20886,2
27690,2
2812,2
6042,2
21384,2
6751,2
19620,2
605,2
19140,2
7455,2
6557,2
33840,2
19557,2
12084,2
17766,2
12180,2
3195,2
2596,2
2784,2
5014,2
2379,2
18088,2
690,2
55647,2
21538,2
3599,2
7224,2
2907,2
10230,2
17940,2
9204,2
1770,2
28536,2
7884,2
11248,2
5664,2
7776,2
9844,2
4674,2
28120,2
6880,2
53130,2
2886,2
2366,2
6612,2
3634,2
4386,2
1089,2
9009,2
12696,2
1989,2
34580,2
18360,2
923,2
10868,2
54648,2
2044,2
16766,2
7810,2
3267,2
2678,2
4785,2
25854,2
26600,2
1161,2
30438,2
10556,2
14124,2
22656,2
5684,2
16376,2
15960,2
8365,2
26226,2
5267,2
17019,2
8978,2
16560,2
8745,2
2585,2
8888,2
1763,2
17732,2
13756,2
4958,2
8372,2
4096,2
2618,2
10560,2
9828,2
7035,2
20460,2
5824,2
14868,2
2673,2
19599,2
39520,2
4830,2
12669,2
24360,2
40304,2
38480,2
754,2
83214,2
89300,2
3752,2
1586,2
2516,2
10200,2
2668,2
2500,2
1136,2
3876,2
3552,2
6804,2
29256,2
31350,2
4648,2
2728,2
11152,2
3822,2
6210,2
3956,2
8362,2
1940,2
1830,2
3744,2
29304,2
8829,2
1363,2
6525,2
44571,2
1147,2
11132,2
8528,2
4779,2
2145,2
48720,2
3560,2
611,2
4824,2
3854,2
35844,2
708,2
12510,2
25382,2
1116,2
6992,2
13494,2
40434,2
1517,2
31921,2
4655,2
8687,2
20022,2
1335,2
6123,2
11433,2
4173,2
1073,2
8721,2
7232,2
18369,2
7257,2
4401,2
6916,2
8036,2
9450,2
18176,2
4582,2
3069,2
8370,2
4661,2
4508,2
3952,2
2144,2
1113,2
14065,2
8216,2
18200,2
18315,2
299,2
9212,2
11050,2
9280,2
25200,2
27200,2
4030,2
25024,2
11564,2
2712,2
6882,2
6708,2
5056,2
5628,2
7137,2
6669,2
6348,2
729,2
4256,2
36120,2
20250,2
98304,2
27507,2
8460,2
3776,2
1863,2
7956,2
5206,2
11610,2
21970,2
4380,2
3813,2
12371,2
10738,2
7906,2
89661,2
23584,2
435,2
19398,2
804,2
10579,2
15982,2
2838,2
6885,2
7008,2
6656,2
21080,2
5162,2
10528,2
4690,2
1472,2
11092,2
24025,2
17034,2
10293,2
5430,2
4851,2
8976,2
3914,2
5610,2
10374,2
6903,2
3562,2
8190,2
3976,2
14454,2
5396,2
3705,2
23023,2
7760,2
4738,2
46920,2
1083,2
5246,2
2891,2
12210,2
2867,2
112828,2
1606,2
7144,2
22785,2
8775,2
2147,2
8228,2
15762,2
686,2
3886,2
6786,2
16416,2
5226,2
69768,2
3774,2
51744,2
8512,2
2158,2
15552,2
3584,2
17955,2
3657,2
7665,2
8148,2
16854,2
6710,2
9500,2
639,2
8352,2
3718,2
2944,2
6052,2
6666,2
8586,2
13320,2
10412,2
7812,2
1750,2
630,2
2806,2
19800,2
9430,2
6534,2
6776,2
812,2
11431,2
18819,2
9396,2
590,2
6461,2
18576,2
18924,2
3219,2
5481,2
2613,2
17136,2
1943,2
3922,2
34587,2
5031,2
10465,2
9024,2
70560,2
2047,2
11524,2
1715,2
3475,2
13098,2
2225,2
516,2
2679,2
41952,2
18802,2
1643,2
33293,2
5157,2
3015,2
4815,2
656,2
3182,2
15351,2
10509,2
1071,2
61915,2
13736,2
7050,2
4240,2
27776,2
5607,2
2035,2
8142,2
779,2
4770,2
33847,2
7695,2
19024,2
5382,2
42600,2
3052,2
555,2
2641,2
728,2
15652,2
33495,2
10752,2
2139,2
2120,2
6438,2
8778,2
14553,2
3038,2
32856,2
13081,2
2201,2
1853,2
5369,2
4446,2
7138,2
5124,2
238,2
2552,2
6468,2
9270,2
10593,2
2840,2
48070,2
20128,2
13832,2
13528,2
4248,2
7326,2
37698,2
1957,2
5762,2
4544,2
33687,2
3382,2
3425,2
4260,2
4850,2
4774,2
1220,2
8658,2
17748,2
15984,2
16200,2
23120,2
6106,2
4233,2
615,2
168,2
4371,2
940,2
5538,2
54684,2
9680,2
28175,2
7808,2
49140,2
19182,2
32499,2
24750,2
2444,2
12450,2
6745,2
29328,2
3969,2
3094,2
25197,2
28728,2
6084,2
5104,2
1295,2
4890,2
25584,2
16116,2
18870,2
64790,2
22356,2
5700,2
11562,2
2116,2
4485,2
4015,2
1175,2
1869,2
10790,2
9639,2
24160,2
1518,2
4418,2
190,2
2261,2
6402,2
12464,2
2354,2
18170,2
13940,2
3149,2
13986,2
1421,2
253,2
273,2
3276,2
8436,2
4575,2
12460,2
8092,2
24240,2
996,2
1085,2
1552,2
6072,2
39680,2
10961,2
6480,2
3146,2
4875,2
7820,2
11180,2
621,2
27346,2
2397,2
3400,2
7524,2
4232,2
11570,2
1372,2
2242,2
2698,2
12420,2
2881,2
9963,2
1595,2
481,2
7505,2
79695,2
1708,2
6180,2
216,2
1734,2
8924,2
10998,2
1914,2
6175,2
5202,2
4654,2
14097,2
22113,2
17272,2
3555,2
17446,2
10980,2
45920,2
49815,2
2398,2
27968,2
16896,2
24472,2
12920,2
2645,2
15390,2
9435,2
9581,2
1525,2
3339,2
15048,2
5412,2
4370,2
11718,2
961,2
12177,2
885,2
31164,2
9999,2
2450,2
8820,2
5476,2
2716,2
29808,2
7236,2
16650,2
1743,2
19488,2
8855,2
16254,2
24624,2
4074,2
7240,2
4543,2
11881,2
5642,2
1079,2
14040,2
37380,2
9177,2
5428,2
4806,2
32550,2
869,2
46607,1
26167,1
7006,1
14212,1
4632,1
3551,1
242446,1
29412,1
28480,1
3472,1
36024,1
16482,1
13144,1
78118,1
30300,1
23490,1
11024,1
53920,1
35778,1
54132,1
1314,1
85140,1
7865,1
32984,1
8845,1
13747,1
37200,1
8132,1
2783,1
6844,1
12012,1
45045,1
10854,1
2755,1
66960,1
5915,1
44544,1
13590,1
36550,1
7857,1
70742,1
1679,1
51269,1
2968,1
40812,1
40404,1
3537,1
4033,1
42140,1
8366,1
23707,1
66240,1
9261,1
64660,1
4332,1
183270,1
12816,1
10205,1
3565,1
11016,1
33666,1
45414,1
43032,1
16359,1
57960,1
5697,1
12826,1
87525,1
78384,1
79520,1
60912,1
70525,1
6109,1
14378,1
57525,1
2175,1
27117,1
104064,1
74784,1
72800,1
14418,1
13175,1
104397,1
49296,1
28416,1
8611,1
45696,1
132,1
31559,1
27489,1
2486,1
35464,1
81672,1
36624,1
17073,1
22554,1
21996,1
10815,1
31654,1
8560,1
18618,1
1474,1
81314,1
11022,1
31603,1
4579,1
54649,1
11790,1
17947,1
2747,1
115874,1
28800,1
79856,1
32340,1
6478,1
7595,1
10626,1
56100,1
21228,1
36465,1
27429,1
3145,1
35532,1
1442,1
43681,1
10152,1
147957,1
7469,1
5781,1
90396,1
4335,1
25460,1
41850,1
26228,1
55632,1
6244,1
11628,1
64092,1
72705,1
17792,1
71857,1
30564,1
19840,1
4246,1
105910,1
8987,1
6556,1
42642,1
43734,1
28350,1
1139,1
4706,1
52002,1
61644,1
14964,1
13041,1
8479,1
13311,1
73775,1
7215,1
28589,1
40745,1
3285,1
89438,1
7425,1
85942,1
2096,1
65178,1
5344,1
27170,1
19706,1
5766,1
2997,1
25434,1
38016,1
2794,1
2260,1
14945,1
2704,1
48620,1
8763,1
2323,1
29865,1
19888,1
68452,1
31329,1
37332,1
5018,1
35571,1
33286,1
48208,1
75360,1
11256,1
39402,1
8729,1
12190,1
29376,1
36000,1
43896,1
9570,1
4235,1
73542,1
17440,1
47750,1
103888,1
74336,1
9531,1
78315,1
21888,1
8585,1
27213,1
37620,1
60102,1
8008,1
8277,1
55936,1
85383,1
5488,1
4929,1
12154,1
1443,1
3724,1
10660,1
2413,1
19430,1
10458,1
14536,1
30810,1
11094,1
9312,1
5143,1
52728,1
29680,1
7125,1
5358,1
6493,1
3763,1
80340,1
60032,1
69174,1
4814,1
14999,1
2227,1
7168,1
25996,1
34894,1
29682,1
5609,1
57178,1
10179,1
11475,1
2255,1
6096,1
38807,1
11770,1
58575,1
8060,1
32864,1
7875,1
13208,1
9252,1
8632,1
54990,1
83984,1
26732,1
26085,1
20850,1
3872,1
10125,1
35360,1
80484,1
15040,1
46810,1
30621,1
63273,1
84331,1
5846,1
26702,1
14000,1
109809,1
52360,1
13858,1
13650,1
52756,1
19965,1
14440,1
17685,1
12954,1
39824,1
3336,1
6700,1
3135,1
38232,1
134616,1
35574,1
5063,1
6456,1
7315,1
83230,1
47705,1
26112,1
63788,1
80597,1
17376,1
34069,1
10680,1
32980,1
9711,1
25671,1
12065,1
61750,1
38325,1
9250,1
4081,1
22660,1
184,1
13728,1
86901,1
16640,1
17787,1
25521,1
10575,1
12348,1
48192,1
7130,1
4452,1
31552,1
54808,1
68908,1
16082,1
211680,1
58646,1
129210,1
6241,1
2996,1
37584,1
69156,1
9943,1
47564,1
6076,1
49152,1
4165,1
17433,1
23736,1
15036,1
25755,1
11926,1
2655,1
11799,1
6944,1
13932,1
32835,1
16781,1
29192,1
14756,1
7332,1
20757,1
56392,1
34000,1
1045,1
13248,1
48384,1
38416,1
21904,1
11868,1
7304,1
35263,1
58410,1
6566,1
122368,1
15008,1
40446,1
31820,1
13794,1
3488,1
12831,1
19261,1
9996,1
9850,1
5830,1
3948,1
2620,1
49302,1
134268,1
742,1
4662,1
6351,1
96806,1
160640,1
14136,1
7239,1
575,1
9191,1
15435,1
30008,1
16261,1
38570,1
10521,1
62464,1
12432,1
27606,1
17110,1
21300,1
11445,1
7803,1
16280,1
48160,1
27669,1
49305,1
46592,1
8428,1
24024,1
44928,1
5373,1
7917,1
18666,1
37600,1
45368,1
78997,1
62750,1
12225,1
41472,1
29592,1
52593,1
6586,1
6000,1
14224,1
1426,1
20839,1
88644,1
62776,1
12667,1
12096,1
12528,1
99648,1
62496,1
49284,1
68943,1
74965,1
10147,1
45084,1
38718,1
8549,1
11495,1
15925,1
34036,1
187,1
64848,1
47628,1
8379,1
16704,1
11160,1
2533,1
95518,1
40626,1
3926,1
12672,1
22052,1
30141,1
44526,1
25840,1
1846,1
8349,1
1891,1
2124,1
43120,1
67704,1
28290,1
125304,1
92112,1
40888,1
2491,1
1695,1
79101,1
3915,1
80523,1
25330,1
4700,1
43248,1
5134,1
16170,1
1281,1
34452,1
3204,1
10710,1
1310,1
52545,1
54093,1
475,1
8667,1
143115,1
19200,1
11532,1
361,1
12699,1
47214,1
24716,1
35526,1
38750,1
8342,1
57596,1
9860,1
66430,1
60409,1
32589,1
67568,1
3104,1
22057,1
8544,1
32230,1
18761,1
48552,1
41586,1
84413,1
3280,1
35133,1
88548,1
8310,1
5841,1
1541,1
53387,1
111069,1
48763,1
11218,1
55755,1
129540,1
2822,1
33485,1
26715,1
22022,1
15340,1
59584,1
23052,1
25758,1
42126,1
56620,1
34701,1
14850,1
47559,1
39790,1
36099,1
15015,1
1358,1
29295,1
44850,1
3925,1
5190,1
19328,1
17952,1
57270,1
4998,1
48339,1
98658,1
91719,1
79655,1
21771,1
6251,1
143360,1
5565,1
39168,1
16820,1
8804,1
12201,1
43350,1
7689,1
163845,1
8300,1
5285,1
1387,1
31659,1
12789,1
315,1
12032,1
47310,1
6800,1
44100,1
13072,1
17931,1
6014,1
9682,1
2573,1
5895,1
21450,1
24168,1
19549,1
11880,1
7004,1
14490,1
2895,1
24960,1
20352,1
931,1
60,1
45326,1
10878,1
19500,1
24435,1
163344,1
64452,1
72568,1
22518,1
385,1
15225,1
30251,1
144,1
87990,1
2192,1
12636,1
26235,1
8442,1
29904,1
3355,1
6486,1
30856,1
23718,1
4697,1
5408,1
34100,1
12750,1
44505,1
69934,1
17544,1
85248,1
61102,1
7250,1
10584,1
64842,1
62872,1
18981,1
27000,1
89600,1
7663,1
16263,1
104328,1
179584,1
6164,1
8288,1
13900,1
51102,1
15855,1
13750,1
6248,1
9047,1
20191,1
33264,1
2055,1
12730,1
80940,1
36126,1
23100,1
8091,1
61568,1
7380,1
4960,1
6075,1
58950,1
11264,1
60515,1
4978,1
28782,1
86260,1
114204,1
4361,1
34040,1
17405,1
10650,1
94752,1
25208,1
21976,1
13552,1
46060,1
24656,1
108032,1
51088,1
19572,1
9593,1
6279,1
27120,1
46937,1
9548,1
66123,1
51876,1
71631,1
159842,1
91200,1
30794,1
147375,1
7839,1
4266,1
23800,1
61560,1
2828,1
1062,1
4498,1
6213,1
28165,1
94668,1
8030,1
19177,1
12480,1
57330,1
82455,1
28044,1
8505,1
2134,1
89356,1
10047,1
28199,1
6987,1
30720,1
60858,1
20160,1
40330,1
149000,1
6320,1
6540,1
35167,1
4635,1
34860,1
20300,1
2737,1
12296,1
8515,1
15150,1
59520,1
39592,1
51600,1
39725,1
8688,1
66060,1
87882,1
12144,1
2752,1
18544,1
169984,1
2540,1
57620,1
26019,1
28658,1
23450,1
158249,1
9906,1
40596,1
5957,1
49088,1
37023,1
41340,1
22437,1
101800,1
15423,1
6012,1
65920,1
70210,1
15842,1
66010,1
22599,1
82170,1
39609,1
11186,1
87945,1
18040,1
101600,1
33536,1
29106,1
97200,1
72765,1
22272,1
34749,1
88576,1
45936,1
24500,1
57840,1
10400,1
85845,1
12259,1
10746,1
7384,1
18850,1
21141,1
84001,1
30481,1
2470,1
67041,1
83265,1
47736,1
24393,1
14070,1
91455,1
35380,1
73730,1
24966,1
1148,1
3212,1
98196,1
24583,1
35670,1
256,1
13376,1
107406,1
7202,1
31602,1
15246,1
5405,1
23142,1
16965,1
12322,1
13066,1
46464,1
98566,1
67670,1
31842,1
62682,1
49484,1
45954,1
23989,1
32103,1
130216,1
41736,1
20984,1
83898,1
5115,1
62540,1
68775,1
51830,1
48664,1
7910,1
16191,1
30208,1
25615,1
2170,1
85492,1
21090,1
21280,1
645,1
19812,1
37352,1
37149,1
8374,1
3751,1
110640,1
73008,1
19388,1
7479,1
111552,1
59064,1
62484,1
8906,1
65205,1
29160,1
2401,1
5699,1
25575,1
63000,1
22680,1
59888,1
39501,1
82308,1
98787,1
12402,1
38216,1
10447,1
28602,1
3944,1
20736,1
41688,1
66528,1
18460,1
41392,1
47264,1
7995,1
14382,1
28757,1
91160,1
32524,1
2133,1
1246,1
16268,1
4375,1
4147,1
26640,1
48741,1
25080,1
34932,1
6560,1
6223,1
74550,1
74360,1
31110,1
23373,1
11408,1
6536,1
74285,1
49104,1
11303,1
1854,1
70366,1
11832,1
3441,1
4884,1
37496,1
30888,1
57240,1
4378,1
38100,1
44352,1
4028,1
32680,1
29637,1
17340,1
774,1
13034,1
26364,1
39852,1
64711,1
9879,1
6272,1
16100,1
14430,1
11869,1
79420,1
52065,1
35638,1
36874,1
24254,1
49770,1
27520,1
21624,1
7448,1
4715,1
29632,1
40480,1
18384,1
23634,1
4142,1
39150,1
6513,1
75816,1
5989,1
3364,1
30750,1
48608,1
23688,1
9657,1
17808,1
12824,1
83456,1
86907,1
2233,1
102705,1
25905,1
2546,1
35466,1
39902,1
107008,1
44280,1
41412,1
26048,1
5738,1
31442,1
168502,1
88374,1
15330,1
95616,1
73017,1
17985,1
73120,1
71508,1
59536,1
22960,1
29445,1
45888,1
3058,1
62640,1
60885,1
54033,1
31780,1
3250,1
2825,1
11560,1
23875,1
160844,1
28461,1
36848,1
12625,1
5508,1
62853,1
5425,1
65100,1
78207,1
8320,1
14600,1
16287,1
86944,1
9843,1
18117,1
157320,1
44908,1
24215,1
68817,1
40095,1
64262,1
105156,1
24864,1
19012,1
56000,1
40986,1
41650,1
18705,1
12702,1
4130,1
51865,1
53505,1
9425,1
9480,1
25344,1
60152,1
6026,1
34060,1
66150,1
60358,1
35534,1
34916,1
74298,1
152456,1
35035,1
22260,1
9936,1
44400,1
27440,1
12690,1
37746,1
7521,1
143029,1
6721,1
13130,1
22347,1
91065,1
35250,1
5278,1
2900,1
42012,1
40579,1
27650,1
60098,1
21952,1
289,1
27432,1
3222,1
49926,1
845,1
55263,1
7154,1
1095,1
2522,1
32912,1
43860,1
45510,1
1628,1
145236,1
31536,1
34272,1
28152,1
7007,1
26004,1
34383,1
7164,1
37968,1
14271,1
15563,1
21696,1
20687,1
8265,1
51484,1
13350,1
83168,1
10712,1
41256,1
31832,1
15029,1
12025,1
13716,1
10701,1
82404,1
12099,1
7056,1
38295,1
8159,1
28032,1
51385,1
41724,1
341,1
2601,1
25075,1
9065,1
89298,1
2015,1
4123,1
89088,1
376,1
48399,1
8316,1
777,1
56914,1
29760,1
35640,1
2676,1
16502,1
123836,1
23124,1
23562,1
3773,1
31641,1
53710,1
15990,1
37994,1
46704,1
3685,1
3536,1
3124,1
113968,1
32041,1
65682,1
9315,1
11514,1
54188,1
86975,1
91080,1
3144,1
33864,1
18070,1
25155,1
38465,1
75222,1
6255,1
42334,1
43010,1
6392,1
5000,1
19780,1
16683,1
152290,1
22253,1
45325,1
2616,1
16758,1
94424,1
9266,1
20904,1
24570,1
10791,1
30457,1
7313,1
21684,1
5986,1
12416,1
61341,1
1107,1
27652,1
6634,1
46438,1
57078,1
4366,1
5650,1
7881,1
9072,1
15908,1
17784,1
85692,1
67346,1
69350,1
34953,1
62792,1
1498,1
1729,1
7176,1
12728,1
99008,1
33748,1
76284,1
49686,1
6806,1
4309,1
3230,1
53212,1
19760,1
12880,1
3577,1
12325,1
11305,1
2370,1
152972,1
5772,1
45355,1
32025,1
105248,1
20625,1
78111,1
8484,1
110838,1
11468,1
6136,1
24610,1
13588,1
2235,1
14972,1
53382,1
96114,1
65723,1
6696,1
25893,1
28556,1
80685,1
31464,1
207872,1
12198,1
8772,1
8176,1
14300,1
62375,1
5934,1
71380,1
26271,1
87987,1
18447,1
13261,1
33578,1
43600,1
88466,1
3999,1
80445,1
42444,1
15651,1
7475,1
4557,1
63869,1
195,1
121856,1
17175,1
47897,1
28548,1
34568,1
22125,1
5530,1
8602,1
91866,1
57442,1
47915,1
6305,1
16046,1
8272,1
15000,1
1746,1
16779,1
5500,1
104424,1
6993,1
2911,1
5751,1
6723,1
33640,1
23904,1
296,1
10414,1
2624,1
6039,1
35720,1
12543,1
2623,1
9888,1
60702,1
7242,1
18904,1
74900,1
12990,1
83904,1
46225,1
36162,1
5566,1
20540,1
2115,1
6853,1
73224,1
83210,1
26884,1
15159,1
55200,1
75725,1
65625,1
3346,1
8652,1
5136,1
1817,1
11620,1
27816,1
7860,1
77080,1
8103,1
53439,1
19890,1
100282,1
33384,1
8633,1
11737,1
70484,1
3616,1
65131,1
35442,1
202752,1
19344,1
173104,1
47100,1
20445,1
18144,1
36108,1
6464,1
7950,1
11937,1
6862,1
39032,1
522,1
5822,1
3927,1
45630,1
32110,1
21801,1
12584,1
52765,1
103675,1
2701,1
6028,1
17100,1
37888,1
44253,1
74681,1
68563,1
6726,1
6489,1
19220,1
39420,1
111240,1
54236,1
56050,1
84196,1
75840,1
117602,1
47616,1
2639,1
44693,1
51294,1
31080,1
20910,1
34138,1
108000,1
6846,1
11280,1
220558,1
17061,1
156160,1
34224,1
108558,1
36763,1
8260,1
5456,1
3403,1
22195,1
5820,1
2847,1
22990,1
23424,1
61692,1
3423,1
24252,1
17363,1
80012,1
1752,1
12267,1
21525,1
52303,1
3723,1
18690,1
15200,1
7209,1
80256,1
22192,1
22490,1
7938,1
75180,1
28880,1
33920,1
13250,1
28552,1
11739,1
19440,1
2180,1
9540,1
13152,1
45594,1
43488,1
3332,1
119556,1
20234,1
78540,1
11682,1
14274,1
76860,1
13464,1
11508,1
15756,1
7378,1
21038,1
18868,1
28160,1
4845,1
46260,1
5066,1
42845,1
71868,1
38763,1
585,1
16128,1
59085,1
86580,1
17612,1
11776,1
26128,1
12555,1
13335,1
22991,1
129285,1
12629,1
15912,1
111290,1
61308,1
143538,1
15964,1
84000,1
4108,1
2037,1
114945,1
19740,1
54375,1
15184,1
14691,1
13640,1
3140,1
55594,1
10906,1
2717,1
9583,1
9932,1
42250,1
78760,1
7626,1
9990,1
3904,1
23433,1
127730,1
81750,1
7189,1
120320,1
7314,1
10512,1
9880,1
6390,1
32074,1
73726,1
25800,1
21730,1
30500,1
118762,1
65514,1
58608,1
1027,1
54810,1
97783,1
6943,1
8757,1
40600,1
20176,1
23635,1
41925,1
8944,1
58282,1
9062,1
68541,1
3504,1
26966,1
10810,1
10625,1
48420,1
12054,1
45250,1
10290,1
18327,1
3154,1
6413,1
46848,1
43521,1
107520,1
78246,1
80585,1
25456,1
27144,1
43442,1
10492,1
4439,1
40915,1
18400,1
7743,1
23580,1
24832,1
68628,1
370,1
16867,1
4407,1
27886,1
79316,1
25350,1
108300,1
1921,1
3827,1
37350,1
18720,1
65785,1
8624,1
40826,1
15876,1
44055,1
124520,1
63125,1
11999,1
5110,1
59841,1
68072,1
36051,1
51156,1
50794,1
66612,1
10192,1
20944,1
10600,1
4082,1
99792,1
78008,1
15748,1
35490,1
3213,1
7930,1
36814,1
94176,1
49060,1
6878,1
24476,1
6970,1
10803,1
22575,1
98406,1
23406,1
17666,1
30968,1
24804,1
146853,1
28428,1
9207,1
55440,1
1349,1
6820,1
70700,1
11817,1
35752,1
53487,1
163000,1
12191,1
11100,1
2249,1
11205,1
2888,1
5017,1
91800,1
7254,1
26969,1
7350,1
24675,1
22672,1
11397,1
27048,1
10270,1
19074,1
63120,1
22401,1
6174,1
18476,1
13455,1
76608,1
9256,1
37370,1
10880,1
48768,1
67158,1
31540,1
13600,1
13284,1
12354,1
12141,1
21735,1
57218,1
72463,1
25245,1
12882,1
5160,1
19723,1
80160,1
66912,1
16761,1
36386,1
77280,1
8284,1
4089,1
46530,1
7967,1
98172,1
166060,1
39900,1
11300,1
37275,1
76825,1
38009,1
35875,1
9636,1
11658,1
4880,1
57452,1
22302,1
1775,1
72808,1
517,1
4895,1
34572,1
13527,1
27404,1
128016,1
10191,1
13287,1
104370,1
12876,1
4059,1
43710,1
7169,1
35816,1
4658,1
1414,1
74880,1
17250,1
232,1
5194,1
62712,1
60722,1
92904,1
107250,1
2068,1
2318,1
3302,1
7599,1
4205,1
10296,1
39872,1
17680,1
7866,1
20500,1
29344,1
42834,1
19992,1
20511,1
73600,1
102900,1
37053,1
21209,1
23111,1
710,1
31460,1
20358,1
39528,1
8946,1
37269,1
9494,1
1635,1
15105,1
4453,1
23436,1
93660,1
80908,1
25056,1
36616,1
64078,1
22494,1
60386,1
5215,1
81446,1
205356,1
7416,1
8802,1
30394,1
6270,1
38532,1
59070,1
4576,1
10206,1
46004,1
5350,1
82498,1
17536,1
16450,1
52020,1
28362,1
12947,1
46535,1
9559,1
10339,1
13485,1
83808,1
13100,1
15498,1
36897,1
28282,1
9483,1
25134,1
102309,1
8241,1
4316,1
987,1
43524,1
15770,1
62730,1
30429,1
19885,1
7003,1
37558,1
88320,1
4384,1
19701,1
90753,1
74024,1
82290,1
29535,1
34182,1
37011,1
51800,1
69841,1
4340,1
10960,1
22344,1
84630,1
10994,1
6330,1
17316,1
16318,1
46844,1
3940,1
35642,1
10622,1
39543,1
8904,1
3009,1
15600,1
41664,1
14508,1
13246,1
39188,1
6596,1
11984,1
10153,1
3439,1
19864,1
60760,1
4325,1
5856,1
5082,1
58140,1
10126,1
33024,1
228,1
4816,1
41180,1
15042,1
1690,1
343,1
2002,1
24883,1
20900,1
99429,1
14475,1
48510,1
12710,1
75543,1
56642,1
2597,1
82064,1
53953,1
79132,1
59724,1
109662,1
36838,1
67921,1
50120,1
28912,1
7735,1
15486,1
20212,1
98518,1
16154,1
31086,1
1826,1
3692,1
46216,1
29082,1
27948,1
15568,1
13776,1
3330,1
10395,1
60680,1
3977,1
62160,1
5232,1
119448,1
24486,1
36456,1
5662,1
28275,1
79734,1
130245,1
59400,1
5436,1
7784,1
82784,1
18696,1
18887,1
81000,1
4968,1
9553,1
60444,1
78892,1
46816,1
134663,1
6588,1
15463,1
104544,1
4539,1
33165,1
13120,1
24120,1
9867,1
7398,1
6834,1
18630,1
3198,1
35465,1
45743,1
29992,1
13410,1
9919,1
76242,1
16992,1
20502,1
20640,1
66755,1
33600,1
6058,1
31500,1
52080,1
22712,1
68026,1
6969,1
54626,1
6350,1
20125,1
24640,1
47223,1
67570,1
5450,1
9040,1
72666,1
39960,1
19669,1
333,1
151074,1
40506,1
17324,1
63858,1
67624,1
49700,1
34375,1
69462,1
70599,1
160832,1
2064,1
6864,1
64008,1
3995,1
11352,1
73678,1
15525,1
5328,1
29456,1
35840,1
6104,1
5368,1
5448,1
32308,1
94710,1
71808,1
7936,1
95939,1
15930,1
12305,1
30362,1
42416,1
36186,1
20091,1
124672,1
9039,1
43904,1
2555,1
50652,1
12214,1
79158,1
16492,1
31328,1
4459,1
50094,1
8040,1
4017,1
117898,1
6633,1
13433,1
34496,1
39474,1
50546,1
21462,1
75520,1
44175,1
37572,1
31372,1
1339,1
11639,1
13090,1
1927,1
1971,1
28710,1
24388,1
30770,1
54054,1
28886,1
10496,1
64192,1
56363,1
12649,1
9028,1
10731,1
55622,1
11247,1
77737,1
64032,1
34830,1
999,1
4272,1
13500,1
7228,1
43030,1
16362,1
101016,1
21828,1
14715,1
9486,1
21000,1
64436,1
120159,1
15004,1
38157,1
14043,1
5406,1
23246,1
7290,1
45056,1
28700,1
8957,1
3663,1
51792,1
53214,1
112268,1
16740,1
2875,1
19894,1
10502,1
36581,1
12300,1
146944,1
9438,1
4587,1
50478,1
26441,1
12720,1
46258,1
101952,1
10036,1
8777,1
19564,1
25058,1
10665,1
4505,1
49896,1
16340,1
13545,1
6177,1
6391,1
26720,1
8832,1
35256,1
90200,1
37632,1
115620,1
84972,1
37060,1
5882,1
3404,1
5053,1
40584,1
7440,1
21528,1
20664,1
6952,1
125202,1
45315,1
8384,1
20828,1
1992,1
26289,1
2301,1
52560,1
57070,1
28130,1
33930,1
43862,1
43676,1
18960,1
50481,1
41344,1
37056,1
989,1
4181,1
26368,1
6214,1
39204,1
47644,1
62964,1
18910,1
23908,1
79560,1
11067,1
121085,1
46740,1
8550,1
32500,1
21868,1
6644,1
51660,1
27946,1
58344,1
28365,1
29862,1
15707,1
10146,1
63954,1
68736,1
7920,1
55278,1
4624,1
75060,1
7544,1
8118,1
118424,1
51975,1
20200,1
65037,1
20002,1
39042,1
4011,1
5888,1
96614,1
60588,1
93437,1
848,1
8295,1
10001,1
8217,1
21672,1
4828,1
94350,1
7872,1
161,1
16665,1
14878,1
29575,1
15744,1
36192,1
5978,1
6640,1
12561,1
5865,1
17630,1
9912,1
57528,1
16445,1
3196,1
259,1
5289,1
43656,1
15336,1
82560,1
3950,1
36270,1
76076,1
32791,1
434,1
47775,1
9706,1
2294,1
39530,1
3936,1
29988,1
59986,1
15504,1
64980,1
4469,1
27819,1
32634,1
3978,1
41382,1
43602,1
104040,1
22504,1
10935,1
4872,1
44310,1
132096,1
72072,1
42714,1
31710,1
50995,1
16296,1
13408,1
25896,1
44092,1
53713,1
64020,1
44363,1
36975,1
2945,1
44974,1
56165,1
80190,1
72128,1
44080,1
64558,1
2403,1
87062,1
44144,1
218112,1
34815,1
66402,1
17745,1
5831,1
8844,1
8814,1
6532,1
83280,1
4606,1
30624,1
34713,1
66443,1
72960,1
1245,1
66468,1
54530,1
43200,1
50960,1
3293,1
7124,1
27715,1
61000,1
13566,1
38556,1
85504,1
10101,1
43281,1
17661,1
25750,1
891,1
55000,1
40112,1
13824,1
92538,1
28417,1
29452,1
24674,1
89460,1
38233,1
15106,1
8125,1
71082,1
18290,1
19654,1
57905,1
3160,1
202436,1
8382,1
68320,1
24180,1
49786,1
27376,1
17854,1
55165,1
51223,1
3953,1
21930,1
37228,1
28518,1
40194,1
17730,1
48618,1
6183,1
10004,1
56772,1
15650,1
58782,1
83538,1
121920,1
1029,1
406,1
2781,1
153314,1
5247,1
76000,1
51834,1
13570,1
70737,1
26130,1
45100,1
2703,1
29382,1
98945,1
15147,1
18540,1
4565,1
85170,1
15996,1
48150,1
25012,1
58125,1
21783,1
23540,1
75330,1
45526,1
817,1
20670,1
3026,1
46200,1
23084,1
9213,1
33060,1
77592,1
14760,1
21804,1
18560,1
3025,1
14287,1
1157,1
54289,1
81095,1
35483,1
4681,1
23805,1
11920,1
41772,1
9960,1
33271,1
20976,1
12656,1
21376,1
5203,1
7437,1
2241,1
21658,1
71595,1
1771,1
55260,1
7688,1
10032,1
61200,1
6141,1
14615,1
25550,1
91020,1
18126,1
13910,1
9114,1
9972,1
13068,1
10373,1
62856,1
13328,1
30340,1
96068,1
5511,1
100980,1
105788,1
4278,1
45000,1
21027,1
22386,1
15743,1
57720,1
44213,1
30070,1
7424,1
66965,1
19720,1
38860,1
73788,1
405,1
20286,1
22790,1
5041,1
38181,1
20043,1
23040,1
3538,1
8234,1
20252,1
1445,1
23852,1
8526,1
45248,1
16110,1
91053,1
87555,1
12138,1
53095,1
43230,1
22968,1
1422,1
34310,1
25284,1
48894,1
4841,1
11172,1
17595,1
602,1
44308,1
1961,1
1625,1
48930,1
12549,1
72693,1
1727,1
2492,1
45426,1
49731,1
85125,1
15535,1
69015,1
16351,1
48760,1
6154,1
138690,1
1792,1
22156,1
55484,1
41976,1
34600,1
18923,1
2987,1
8918,1
23355,1
4234,1
610,1
3296,1
58710,1
15265,1
57925,1
24920,1
96048,1
5776,1
11520,1
5126,1
19116,1
40152,1
30450,1
7520,1
23674,1
72362,1
8928,1
23168,1
4984,1
21115,1
52877,1
4294,1
85986,1
26520,1
13240,1
150,1
75839,1
54489,1
31510,1
52796,1
13365,1
16892,1
21330,1
61852,1
5307,1
45732,1
22638,1
35098,1
7067,1
9758,1
7420,1
31575,1
22361,1
62220,1
44427,1
18921,1
32004,1
10086,1
39216,1
79236,1
9272,1
26544,1
2834,1
3906,1
98356,1
3502,1
83889,1
30970,1
21666,1
67344,1
31744,1
14381,1
5122,1
19536,1
15012,1
10428,1
22971,1
25900,1
19635,1
88711,1
15834,1
67662,1
4008,1
7194,1
20295,1
91254,1
43460,1
96248,1
8595,1
2670,1
90100,1
30258,1
78084,1
62510,1
67210,1
9727,1
37148,1
42150,1
27808,1
120032,1
88350,1
3706,1
59946,1
68976,1
130042,1
3801,1
18676,1
57021,1
77860,1
18724,1
7847,1
3700,1
87360,1
25619,1
67769,1
14552,1
2349,1
47871,1
3611,1
20705,1
71492,1
52704,1
53900,1
29172,1
119286,1
7630,1
64484,1
14602,1
19716,1
33120,1
28677,1
59319,1
31174,1
42065,1
107164,1
5782,1
14432,1
10585,1
16020,1
51982,1
74480,1
20819,1
25422,1
13761,1
27068,1
2993,1
11537,1
11661,1
4183,1
3740,1
1833,1
33866,1
2682,1
16065,1
48000,1
9520,1
7320,1
10108,1
3290,1
24704,1
21816,1
149400,1
13920,1
5151,1
9620,1
26904,1
148902,1
27692,1
72504,1
20748,1
19530,1
14008,1
44678,1
26329,1
12298,1
37760,1
24112,1
74745,1
4424,1
670,1
7220,1
2057,1
2542,1
89386,1
8748,1
85456,1
84943,1
43440,1
62720,1
4509,1
85744,1
31914,1
2727,1
72210,1
10325,1
17982,1
25252,1
102717,1
7611,1
2848,1
37828,1
55296,1
80324,1
46452,1
42244,1
56700,1
23463,1
26264,1
15741,1
38512,1
23318,1
18530,1
83636,1
10112,1
71552,1
9328,1
68237,1
90852,1
41820,1
10088,1
3857,1
8520,1
19376,1
4257,1
51084,1
16284,1
90626,1
36285,1
2360,1
133353,1
12800,1
66946,1
49776,1
41172,1
45540,1
43392,1
14651,1
28080,1
34304,1
15314,1
21842,1
10388,1
9638,1
66000,1
24255,1
12771,1
3151,1
30690,1
30843,1
19575,1
17980,1
30392,1
7348,1
30012,1
57681,1
76755,1
12412,1
41548,1
20083,1
20139,1
14798,1
59080,1
2466,1
6783,1
8137,1
92250,1
55040,1
17514,1
4046,1
17978,1
18875,1
6764,1
38398,1
41255,1
7623,1
30302,1
403,1
5225,1
11750,1
48444,1
2680,1
4862,1
5181,1
140,1
79275,1
9085,1
19360,1
5423,1
10340,1
188265,1
46189,1
4720,1
53760,1
16641,1
37278,1
18012,1
25239,1
102319,1
106344,1
81989,1
93002,1
48248,1
89148,1
1919,1
5814,1
91326,1
22080,1
64740,1
96390,1
78727,1
24735,1
140219,1
3668,1
9633,1
8554,1
84553,1
28917,1
6150,1
47481,1
9699,1
29892,1
83700,1
44254,1
26270,1
58555,1
16520,1
27125,1
50246,1
22451,1
20115,1
1616,1
2085,1
70132,1
25875,1
26418,1
8490,1
6144,1
8911,1
14319,1
58975,1
20040,1
23680,1
62976,1
30380,1
36852,1
99303,1
14469,1
23892,1
29302,1
5432,1
4329,1
152,1
38654,1
9928,1
56127,1
19764,1
1935,1
3417,1
23236,1
7072,1
17628,1
21352,1
10240,1
795,1
34093,1
16236,1
51012,1
46612,1
27636,1
58448,1
13888,1
26384,1
17097,1
19352,1
35358,1
80808,1
100864,1
60742,1
574,1
1660,1
201618,1
7701,1
55188,1
6264,1
14820,1
17670,1
13803,1
20952,1
19096,1
29055,1
15860,1
24054,1
23870,1
49599,1
9940,1
14364,1
5576,1
15820,1
9612,1
74088,1
49680,1
80432,1
38012,1
24000,1
26070,1
3515,1
3698,1
10981,1
58740,1
65709,1
11715,1
118773,1
8127,1
5757,1
38458,1
8208,1
23393,1
33970,1
23664,1
106624,1
39432,1
5983,1
21054,1
8308,1
45760,1
60420,1
21574,1
3429,1
21584,1
39294,1
31434,1
84992,1
109634,1
45655,1
52096,1
55454,1
16644,1
14260,1
3633,1
85695,1
24378,1
28545,1
87560,1
671,1
99,1
27936,1
61464,1
68036,1
5074,1
39560,1
8649,1
15224,1
11187,1
3440,1
97644,1
10235,1
59096,1
55328,1
67089,1
14227,1
4750,1
18414,1
17818,1
3350,1
47232,1
23628,1
5457,1
28272,1
37648,1
126976,1
2416,1
22650,1
50103,1
48320,1
55290,1
13965,1
25986,1
35144,1
32396,1
24480,1
18216,1
14030,1
112800,1
69407,1
31465,1
11577,1
3741,1
11322,1
14144,1
11439,1
26080,1
6963,1
89040,1
8769,1
5590,1
20301,1
25631,1
530,1
13786,1
16974,1
6068,1
35090,1
18725,1
81200,1
3328,1
29140,1
139098,1
40376,1
54950,1
33660,1
11476,1
4896,1
2136,1
20680,1
93656,1
10476,1
86366,1
32973,1
2418,1
2312,1
84420,1
81829,1
35525,1
8792,1
24522,1
5504,1
125952,1
6435,1
45430,1
17702,1
68234,1
4818,1
35119,1
730,1
123988,1
44115,1
78925,1
3483,1
9408,1
14520,1
50429,1
3816,1
8732,1
136456,1
66304,1
21091,1
24613,1
21744,1
17365,1
5809,1
99699,1
11616,1
19228,1
46336,1
55304,1
2277,1
93000,1
5848,1
10164,1
85003,1
2065,1
72357,1
39579,1
4218,1
44096,1
42008,1
13992,1
1273,1
33288,1
6273,1
22040,1
11826,1
5842,1
17296,1
11700,1
77064,1
41265,1
40068,1
13195,1
34352,1
19350,1
7755,1
2299,1
86775,1
14976,1
22873,1
31992,1
1111,1
67574,1
42224,1
6583,1
26950,1
354,1
56334,1
15943,1
13746,1
34584,1
11390,1
21106,1
20475,1
66752,1
61425,1
106085,1
64530,1
16895,1
7276,1
93030,1
9849,1
26532,1
16951,1
36542,1
43195,1
2709,1
24645,1
14904,1
95744,1
58368,1
1287,1
161934,1
32870,1
13988,1
66742,1
7742,1
15129,1
47957,1
45269,1
56259,1
56840,1
6016,1
30186,1
61236,1
194438,1
14336,1
12987,1
16592,1
36966,1
6767,1
8827,1
28388,1
80995,1
5605,1
53934,1
26560,1
29678,1
6314,1
59328,1
5970,1
186714,1
35724,1
27342,1
16848,1
158046,1
19982,1
46455,1
37590,1
3048,1
20130,1
24598,1
5687,1
13179,1
17280,1
3820,1
85262,1
38052,1
117248,1
48950,1
95550,1
9064,1
40248,1
4550,1
1537,1
7922,1
102515,1
8768,1
2821,1
53960,1
98280,1
93696,1
87400,1
14744,1
790,1
3841,1
19038,1
1236,1
18704,1
6030,1
14112,1
13720,1
6901,1
3498,1
9300,1
20273,1
12936,1
19691,1
21646,1
9730,1
31845,1
23868,1
25152,1
10336,1
3172,1
29400,1
17424,1
114240,1
11615,1
55493,1
5548,1
12168,1
7955,1
2667,1
16443,1
9322,1
61516,1
113175,1
101069,1
103936,1
31104,1
31899,1
41610,1
67200,1
11808,1
128996,1
30360,1
85556,1
49528,1
74655,1
60384,1
7954,1
105317,1
3174,1
3288,1
7979,1
95220,1
26313,1
13366,1
22436,1
36512,1
51543,1
36888,1
55224,1
35313,1
8784,1
6265,1
9225,1
1159,1
10170,1
22797,1
53703,1
3395,1
68364,1
657,1
20536,1
92862,1
75057,1
71829,1
70884,1
23232,1
7095,1
15470,1
22770,1
31959,1
5029,1
26796,1
20235,1
51076,1
52164,1
73320,1
75440,1
104208,1
71554,1
2465,1
24436,1
11627,1
27573,1
15857,1
10444,1
17160,1
23250,1
6292,1
49609,1
12915,1
31590,1
15375,1
15300,1
11684,1
25725,1
10557,1
7040,1
43608,1
37910,1
17653,1
3007,1
84822,1
29346,1
5921,1
75845,1
17689,1
44191,1
5992,1
14308,1
8165,1
10488,1
10527,1
5800,1
39440,1
176,1
20880,1
12466,1
12320,1
8122,1
39600,1
427,1
10927,1
5208,1
10450,1
92234,1
47348,1
64236,1
5852,1
36115,1
5974,1
16642,1
6003,1
40725,1
76440,1
13056,1
18509,1
9350,1
83614,1
17760,1
51142,1
63855,1
23296,1
20241,1
81312,1
3234,1
12125,1
71820,1
27140,1
2163,1
24843,1
649,1
22910,1
7744,1
31262,1
1449,1
7828,1
78870,1
16274,1
2738,1
186930,1
8967,1
7728,1
1207,1
87329,1
6812,1
42880,1
6794,1
3266,1
59040,1
5415,1
54912,1
19448,1
11644,1
3289,1
30875,1
24633,1
36180,1
15456,1
19504,1
13702,1
70308,1
20100,1
10425,1
86912,1
79821,1
85314,1
12994,1
82998,1
0,1
10908,1
6968,1
35904,1
97768,1
6302,1
50490,1
52374,1
95634,1
8019,1
24070,1
67496,1
8282,1
15194,1
18326,1
28495,1
13209,1
54284,1
56544,1
14204,1
11330,1
40850,1
50058,1
75762,1
49250,1
3652,1
29520,1
4945,1
14732,1
7021,1
6716,1
2071,1
3807,1
44986,1
1261,1
73160,1
1875,1
6099,1
9694,1
69620,1
5049,1
2345,1
51840,1
10472,1
17264,1
15544,1
7421,1
27588,1
5525,1
91584,1
10864,1
95950,1
51204,1
10224,1
32395,1
21720,1
23808,1
19886,1
9971,1
2121,1
10792,1
27010,1
37720,1
30550,1
11455,1
12685,1
24860,1
6498,1
61544,1
39390,1
48750,1
24235,1
18172,1
4473,1
33180,1
13048,1
84405,1
5734,1
91982,1
8815,1
76729,1
16093,1
25715,1
57584,1
26224,1
63114,1
16837,1
74704,1
5192,1
12355,1
7696,1
95675,1
84711,1
43365,1
27594,1
52716,1
20790,1
8000,1
54438,1
31096,1
17816,1
23370,1
4532,1
9594,1
15038,1
27675,1
30140,1
17000,1
53320,1
17150,1
97890,1
2581,1
18768,1
4040,1
59697,1
55680,1
132020,1
658,1
18480,1
47718,1
57130,1
16714,1
37687,1
30756,1
12384,1
25520,1
15808,1
26838,1
2485,1
67262,1
65427,1
46904,1
8415,1
15080,1
144738,1
120832,1
55460,1
15736,1
79380,1
71955,1
18368,1
44807,1
5085,1
75348,1
7668,1
7832,1
13344,1
20178,1
2756,1
5152,1
63154,1
4731,1
6825,1
79977,1
19320,1
8866,1
24354,1
10545,1
48807,1
63304,1
5542,1
16068,1
47328,1
58128,1
34648,1
107604,1
4838,1
44070,1
53676,1
49227,1
36984,1
26815,1
4961,1
32136,1
70209,1
45675,1
52030,1
18135,1
28688,1
12250,1
56322,1
36057,1
4944,1
59488,1
13448,1
56048,1
4947,1
16826,1
63504,1
44220,1
57043,1
38220,1
88800,1
13024,1
3783,1
53583,1
1819,1
34128,1
34869,1
32742,1
6936,1
781,1
7502,1
3885,1
1183,1
35292,1
93075,1
10087,1
20825,1
16884,1
5495,1
44051,1
58680,1
1551,1
100192,1
43472,1
8684,1
57566,1
3468,1
6365,1
25038,1
18330,1
36158,1
736,1
33338,1
7790,1
6405,1
20600,1
19665,1
54500,1
54400,1
17898,1
10440,1
16430,1
11252,1
17112,1
7482,1
35776,1
30240,1
18879,1
33048,1
153621,1
44370,1
92062,1
42182,1
6887,1
59712,1
60368,1
35862,1
86595,1
5632,1
14478,1
13395,1
5103,1
73390,1
35956,1
42780,1
33205,1
44802,1
84227,1
65400,1
11036,1
12376,1
47277,1
29032,1
45864,1
52460,1
93798,1
2628,1
39087,1
7353,1
19272,1
44421,1
4495,1
25220,1
25026,1
70848,1
74304,1
122682,1
8858,1
26304,1
8613,1
833,1
6027,1
9802,1
20711,1
13692,1
12975,1
3337,1
82331,1
57570,1
22017,1
11692,1
10720,1
23288,1
33696,1
82340,1
41728,1
34650,1
11154,1
20000,1
4070,1
17755,1
9555,1
6655,1
111635,1
28500,1
105558,1
165375,1
27456,1
104960,1
54426,1
18445,1
27742,1
20152,1
11752,1
8580,1
24882,1
28470,1
25599,1
116337,1
97792,1
38645,1
86088,1
20207,1
15792,1
37062,1
18468,1
87220,1
39888,1
97060,1
4189,1
113980,1
20590,1
63798,1
27555,1
32088,1
37539,1
747,1
21465,1
5945,1
1896,1
52662,1
31897,1
64468,1
67335,1
17030,1
53550,1
3810,1
67048,1
209124,1
50048,1
13520,1
48257,1
17622,1
1353,1
25376,1
31746,1
17945,1
63200,1
53580,1
4355,1
9338,1
41528,1
40172,1
10904,1
45840,1
40698,1
4087,1
6370,1
10403,1
37297,1
860,1
15851,1
5129,1
35400,1
61424,1
29475,1
35910,1
135072,1
21140,1
17302,1
21180,1
3162,1
45738,1
144303,1
39182,1
1342,1
6810,1
8085,1
14848,1
26892,1
37510,1
24192,1
2343,1
135,1
27740,1
54978,1
2943,1
5214,1
50320,1
2921,1
34104,1
4780,1
41678,1
108378,1
54026,1
164372,1
96276,1
39990,1
52264,1
88198,1
22630,1
57152,1
15168,1
55596,1
7031,1
2409,1
27398,1
9630,1
15216,1
30400,1
99645,1
16497,1
45933,1
17907,1
68774,1
14523,1
14388,1
9882,1
13542,1
45288,1
3127,1
7788,1
7289,1
61800,1
15438,1
4753,1
14384,1
11480,1
6119,1
13524,1
3431,1
11935,1
62608,1
15347,1
14456,1
35258,1
93940,1
33858,1
26219,1
9890,1
49880,1
31008,1
159732,1
6437,1
72360,1
22815,1
19055,1
20989,1
31097,1
41327,1
20787,1
7252,1
31290,1
14706,1
20374,1
28980,1
16940,1
4864,1
11110,1
130560,1
29605,1
22875,1
28363,1
42408,1
9400,1
28525,1
6923,1
17496,1
10260,1
24888,1
11097,1
3979,1
4344,1
121512,1
83472,1
5177,1
9112,1
7395,1
21390,1
45369,1
18954,1
2780,1
80194,1
8430,1
25863,1
30960,1
79515,1
3924,1
19000,1
14973,1
40960,1
18762,1
9604,1
45264,1
5889,1
16224,1
25066,1
64428,1
70851,1
87894,1
35512,1
86526,1
4171,1
90147,1
47790,1
34606,1
37541,1
112320,1
45649,1
4865,1
34144,1
14208,1
17780,1
17442,1
15360,1
47880,1
46814,1
10332,1
22126,1
2507,1
49210,1
7200,1
22288,1
67860,1
7670,1
5575,1
102204,1
66124,1
28888,1
12395,1
2424,1
4345,1
4719,1
69230,1
24846,1
1005,1
25098,1
8188,1
19170,1
33222,1
7399,1
30080,1
89400,1
79032,1
64770,1
84480,1
162,1
7953,1
56405,1
14145,1
4494,1
57375,1
118272,1
10355,1
11640,1
51305,1
39200,1
98088,1
28767,1
48412,1
13108,1
22044,1
87516,1
2632,1
65720,1
17152,1
12573,1
81900,1
49138,1
54901,1
5936,1
6576,1
3040,1
19600,1
26075,1
12556,1
47500,1
32504,1
75168,1
41405,1
5805,1
18430,1
29158,1
24420,1
27972,1
20480,1
65048,1
38688,1
44275,1
31236,1
24552,1
4844,1
3993,1
19292,1
52650,1
64128,1
41580,1
16320,1
41236,1
13224,1
3479,1
68517,1
82600,1
1209,1
11000,1
107970,1
37436,1
15049,1
56672,1
114276,1
157625,1
387,1
21230,1
3243,1
22506,1
54670,1
2247,1
10890,1
32445,1
70771,1
21009,1
16600,1
18060,1
17930,1
36646,1
19608,1
21284,1
25984,1
70247,1
37808,1
14608,1
58208,1
39516,1
97290,1
4615,1
5133,1
2990,1
15985,1
9842,1
9116,1
38472,1
9156,1
5695,1
86714,1
1419,1
24568,1
3358,1
49000,1
3473,1
50137,1
28408,1
48231,1
84160,1
77830,1
32750,1
62988,1
94608,1
14420,1
39220,1
938,1
9920,1
68252,1
2740,1
5207,1
17578,1
93744,1
18582,1
372,1
492,1
221,1
79288,1
121344,1
128256,1
5977,1
37696,1
13440,1
51456,1
36572,1
17050,1
101304,1
8961,1
13869,1
76857,1
20020,1
24111,1
17220,1
28527,1
120,1
26852,1
3071,1
4399,1
5777,1
925,1
29800,1
80770,1
54008,1
36356,1
11811,1
26208,1
33221,1
13054,1
7878,1
9672,1
47575,1
28762,1
11858,1
22987,1
110289,1
58308,1
72540,1
38896,1
10028,1
79686,1
6678,1
6045,1
28237,1
40874,1
24320,1
23230,1
20860,1
12080,1
5340,1
5656,1
6497,1
128155,1
57057,1
85656,1
41958,1
6913,1
53128,1
17703,1
14700,1
2408,1
9968,1
49517,1
32076,1
27136,1
8448,1
3410,1
83762,1
63867,1
116841,1
40320,1
40356,1
28215,1
53199,1
23864,1
40920,1
28512,1
20580,1
141828,1
10185,1
26325,1
93032,1
1533,1
10137,1
16385,1
20945,1
10368,1
22695,1
15730,1
16912,1
4717,1
21112,1
12684,1
22860,1
3753,1
11972,1
64944,1
23478,1
16434,1
10292,1
86052,1
44604,1
8432,1
11020,1
16215,1
58695,1
12492,1
16218,1
63632,1
29546,1
25420,1
50809,1
3053,1
11660,1
17655,1
4810,1
6420,1
20448,1
3424,1
20970,1
43039,1
2060,1
41600,1
128019,1
54924,1
15488,1
13359,1
27528,1
6811,1
42550,1
12321,1
47163,1
14042,1
50407,1
86751,1
23940,1
40683,1
84645,1
30530,1
8299,1
2013,1
11960,1
48158,1
13984,1
23711,1
53200,1
7308,1
28424,1
23280,1
34008,1
82110,1
4053,1
6890,1
18834,1
40544,1
36630,1
9632,1
20400,1
11039,1
24850,1
31450,1
12934,1
40392,1
77625,1
40296,1
9690,1
32301,1
27784,1
76356,1
25256,1
11872,1
38394,1
29184,1
14560,1
43183,1
24128,1
25850,1
11918,1
4077,1
40964,1
72927,1
75646,1
15729,1
67392,1
13974,1
4992,1
6500,1
11764,1
11904,1
81606,1
33735,1
99756,1
70952,1
15867,1
169248,1
1572,1
50550,1
8835,1
71278,1
11368,1
24805,1
38544,1
7473,1
2369,1
4018,1
5022,1
4277,1
9588,1
36670,1
28126,1
113740,1
42552,1
69750,1
297,1
6200,1
55120,1
36494,1
4107,1
1272,1
12512,1
5372,1
2033,1
6768,1
45752,1
112,1
14960,1
11623,1
25760,1
11970,1
93524,1
9603,1
4767,1
30975,1
31622,1
29370,1
55377,1
25137,1
3245,1
27492,1
3760,1
17696,1
127875,1
4977,1
12036,1
122428,1
61722,1
8478,1
11124,1
29388,1
13690,1
6860,1
116200,1
6650,1
49476,1
24448,1
13983,1
126960,1
68620,1
14210,1
7504,1
86726,1
40860,1
2820,1
81361,1
949,1
4379,1
29714,1
57462,1
9490,1
28840,1
23199,1
33558,1
9792,1
56682,1
6432,1
71318,1
52496,1
49392,1
45828,1
7104,1
137274,1
34440,1
16080,1
102992,1
42700,1
1937,1
4482,1
70478,1
40469,1
20272,1
841,1
16790,1
43416,1
83441,1
15648,1
5792,1
24490,1
70632,1
51238,1
11583,1
23074,1
16677,1
35979,1
42884,1
25806,1
59555,1
34556,1
6466,1
20586,1
6954,1
85400,1
16562,1
20735,1
32544,1
41750,1
52548,1
85156,1
14080,1
88580,1
25773,1
7585,1
4545,1
14062,1
6206,1
14111,1
90093,1
1352,1
32574,1
48278,1
15450,1
5625,1
20592,1
2461,1
5478,1
14433,1
21318,1
29253,1
127710,1
16137,1
4144,1
2146,1
143286,1
5900,1
46148,1
60312,1
15872,1
10353,1
19008,1
42488,1
3674,1
3454,1
8024,1
10123,1
26896,1
71825,1
57376,1
56960,1
6110,1
21522,1
28305,1
15480,1
7367,1
18250,1
2948,1
68040,1
42120,1
42874,1
55803,1
22072,1
2562,1
32886,1
57165,1
26784,1
29225,1
8154,1
14363,1
12600,1
16554,1
48391,1
10506,1
7337,1
12688,1
2607,1
12852,1
129360,1
2363,1
14193,1
109868,1
22950,1
77787,1
4551,1
1647,1
62832,1
31652,1
18444,1
17255,1
34748,1
6327,1
8058,1
17480,1
14352,1
42840,1
14729,1
43279,1
105456,1
4071,1
7525,1
92672,1
151768,1
5539,1
22869,1
48396,1
64241,1
3318,1
36025,1
30751,1
84240,1
45756,1
31155,1
58688,1
14863,1
10976,1
13104,1
186662,1
63520,1
37170,1
30636,1
3278,1
58377,1
24335,1
49290,1
61600,1
80941,1
17018,1
38958,1
100440,1
74448,1
46389,1
7650,1
9922,1
29240,1
31850,1
22620,1
247296,1
53592,1
5592,1
18546,1
22684,1
3286,1
9120,1
16262,1
4743,1
28841,1
47334,1
27032,1
5180,1
9196,1
3965,1
47792,1
13677,1
10212,1
3051,1
5229,1
69825,1
7009,1
14442,1
32130,1
33127,1
6873,1
5893,1
14484,1
75900,1
50232,1
5733,1
106952,1
17876,1
13952,1
18894,1
45410,1
17125,1
175104,1
3871,1
17812,1
79170,1
65448,1
9614,1
25254,1
11968,1
61305,1
9856,1
38014,1
2254,1
5109,1
2691,1
183808,1
28375,1
49280,1
7722,1
63765,1
23160,1
28990,1
2449,1
16269,1
51264,1
38612,1
23660,1
9273,1
33891,1
8525,1
30561,1
61716,1
102960,1
78960,1
89241,1
68480,1
12192,1
73080,1
20304,1
26214,1
5217,1
38590,1
43520,1
4848,1
15189,1
13221,1
42364,1
60291,1
56133,1
12246,1
11782,1
36300,1
47216,1
210000,1
47025,1
533,1
7783,1
7223,1
8375,1
30294,1
9798,1
22317,1
50055,1
1343,1
4641,1
7488,1
8470,1
67808,1
17954,1
109056,1
38775,1
101103,1
9090,1
23180,1
27540,1
20496,1
8268,1
21195,1
36936,1
1494,1
7704,1
11328,1
4050,1
9022,1
21840,1
26700,1
2034,1
7918,1
39798,1
42328,1
29972,1
5076,1
18437,1
50840,1
5183,1
58968,1
14910,1
49320,1
34905,1
50697,1
231424,1
13802,1
38025,1
25885,1
60984,1
2920,1
17484,1
64449,1
37674,1
15222,1
18612,1
41370,1
96400,1
74984,1
2599,1
